id,symbol,# of Res Gene was in
HGNC:11110,ARID1A,8
HGNC:950,BAP1,8
HGNC:1100,BRCA1,8
HGNC:1101,BRCA2,8
HGNC:1133,BTK,8
HGNC:1541,CBL,8
HGNC:1777,CDK6,8
HGNC:1787,CDKN2A,8
HGNC:1788,CDKN2B,8
HGNC:16627,CHEK2,8
HGNC:2731,DDR2,8
HGNC:3527,EZH2,8
HGNC:16712,FBXW7,8
HGNC:3765,FLT3,8
HGNC:1092,FOXL2,8
HGNC:5382,IDH1,8
HGNC:7127,MLH1,8
HGNC:7325,MSH2,8
HGNC:7765,NF1,8
HGNC:7773,NF2,8
HGNC:7881,NOTCH1,8
HGNC:26144,PALB2,8
HGNC:9585,PTCH1,8
HGNC:9588,PTEN,8
HGNC:9644,PTPN11,8
HGNC:9884,RB1,8
HGNC:6770,SMAD4,8
HGNC:11100,SMARCA4,8
HGNC:11103,SMARCB1,8
HGNC:11389,STK11,8
HGNC:11998,TP53,8
HGNC:12362,TSC1,8
HGNC:12363,TSC2,8
HGNC:391,AKT1,7
HGNC:427,ALK,7
HGNC:583,APC,7
HGNC:646,ARAF,7
HGNC:18037,ARID2,7
HGNC:795,ATM,7
HGNC:882,ATR,7
HGNC:886,ATRX,7
HGNC:1097,BRAF,7
HGNC:1582,CCND1,7
HGNC:1589,CCNE1,7
HGNC:1748,CDH1,7
HGNC:24224,CDK12,7
HGNC:1773,CDK4,7
HGNC:1785,CDKN1B,7
HGNC:1925,CHEK1,7
HGNC:14214,CIC,7
HGNC:2348,CREBBP,7
HGNC:2433,CSF1R,7
HGNC:2514,CTNNB1,7
HGNC:2978,DNMT3A,7
HGNC:3236,EGFR,7
HGNC:3430,ERBB2,7
HGNC:3432,ERBB4,7
HGNC:3467,ESR1,7
HGNC:3688,FGFR1,7
HGNC:3689,FGFR2,7
HGNC:3690,FGFR3,7
HGNC:3691,FGFR4,7
HGNC:4171,GATA2,7
HGNC:4379,GNA11,7
HGNC:4390,GNAQ,7
HGNC:4392,GNAS,7
HGNC:4776,H3C2,7
HGNC:5173,HRAS,7
HGNC:5383,IDH2,7
HGNC:6190,JAK1,7
HGNC:6192,JAK2,7
HGNC:6193,JAK3,7
HGNC:12637,KDM6A,7
HGNC:6307,KDR,7
HGNC:6342,KIT,7
HGNC:13726,KMT2C,7
HGNC:6407,KRAS,7
HGNC:6840,MAP2K1,7
HGNC:6842,MAP2K2,7
HGNC:6844,MAP2K4,7
HGNC:6973,MDM2,7
HGNC:6974,MDM4,7
HGNC:7010,MEN1,7
HGNC:7029,MET,7
HGNC:7329,MSH6,7
HGNC:3942,MTOR,7
HGNC:7553,MYC,7
HGNC:7559,MYCN,7
HGNC:7562,MYD88,7
HGNC:7652,NBN,7
HGNC:7782,NFE2L2,7
HGNC:7883,NOTCH3,7
HGNC:7910,NPM1,7
HGNC:7989,NRAS,7
HGNC:8033,NTRK3,7
HGNC:8619,PAX5,7
HGNC:30064,PBRM1,7
HGNC:8804,PDGFRB,7
HGNC:8975,PIK3CA,7
HGNC:8979,PIK3R1,7
HGNC:9122,PMS2,7
HGNC:9177,POLE,7
HGNC:9388,PRKAR1A,7
HGNC:9829,RAF1,7
HGNC:9967,RET,7
HGNC:667,RHOA,7
HGNC:10261,ROS1,7
HGNC:10681,SDHB,7
HGNC:18420,SETD2,7
HGNC:10768,SF3B1,7
HGNC:11119,SMO,7
HGNC:16466,SUFU,7
HGNC:25941,TET2,7
HGNC:12453,U2AF1,7
HGNC:12687,VHL,7
HGNC:12796,WT1,7
HGNC:76,ABL1,6
HGNC:392,AKT2,6
HGNC:393,AKT3,6
HGNC:26837,AMER1,6
HGNC:644,AR,6
HGNC:18318,ASXL1,6
HGNC:903,AXIN1,6
HGNC:905,AXL,6
HGNC:952,BARD1,6
HGNC:20893,BCOR,6
HGNC:1509,CASP8,6
HGNC:1583,CCND2,6
HGNC:1585,CCND3,6
HGNC:17098,DICER1,6
HGNC:3373,EP300,6
HGNC:3431,ERBB3,6
HGNC:3446,ERG,6
HGNC:3490,ETV1,6
HGNC:3495,ETV6,6
HGNC:3582,FANCA,6
HGNC:3681,FGF3,6
HGNC:3700,FH,6
HGNC:27310,FLCN,6
HGNC:3823,FOXP1,6
HGNC:4004,FUBP1,6
HGNC:4764,H3-3A,6
HGNC:11621,HNF1A,6
HGNC:13176,IKZF1,6
HGNC:7133,KMT2D,6
HGNC:6871,MAPK1,6
HGNC:6913,MAX,6
HGNC:11957,MED12,6
HGNC:7105,MITF,6
HGNC:7230,MRE11,6
HGNC:7545,MYB,6
HGNC:7555,MYCL,6
HGNC:7882,NOTCH2,6
HGNC:8031,NTRK1,6
HGNC:8032,NTRK2,6
HGNC:8803,PDGFRA,6
HGNC:9302,PPP2R1A,6
HGNC:9346,PRDM1,6
HGNC:9801,RAC1,6
HGNC:9816,RAD50,6
HGNC:28611,RICTOR,6
HGNC:10471,RUNX1,6
HGNC:10680,SDHA,6
HGNC:10683,SDHD,6
HGNC:11254,SPOP,6
HGNC:11283,SRC,6
HGNC:11355,STAG2,6
HGNC:11364,STAT3,6
HGNC:17101,SUZ12,6
HGNC:11491,SYK,6
HGNC:11730,TERT,6
HGNC:11986,TOP1,6
HGNC:12825,XPO1,6
HGNC:11393,AURKA,5
HGNC:990,BCL2,5
HGNC:994,BCL2L11,5
HGNC:591,BIRC3,5
HGNC:1058,BLM,5
HGNC:13575,BRD4,5
HGNC:16393,CARD11,5
HGNC:1539,CBFB,5
HGNC:17635,CD274,5
HGNC:1699,CD79B,5
HGNC:16783,CDC73,5
HGNC:1784,CDKN1A,5
HGNC:1789,CDKN2C,5
HGNC:1833,CEBPA,5
HGNC:2363,CRKL,5
HGNC:14281,CRLF2,5
HGNC:13723,CTCF,5
HGNC:2681,DAXX,5
HGNC:3434,ERCC2,5
HGNC:3493,ETV4,5
HGNC:3494,ETV5,5
HGNC:3584,FANCC,5
HGNC:3675,FGF19,5
HGNC:3767,FLT4,5
HGNC:3819,FOXO1,5
HGNC:3821,FOXO3,5
HGNC:4170,GATA1,5
HGNC:4172,GATA3,5
HGNC:4317,GLI1,5
HGNC:4585,GRIN2A,5
HGNC:4893,HGF,5
HGNC:5465,IGF1R,5
HGNC:6024,IL7R,5
HGNC:6119,IRF4,5
HGNC:6126,IRS2,5
HGNC:6204,JUN,5
HGNC:9886,KDM5A,5
HGNC:11114,KDM5C,5
HGNC:23177,KEAP1,5
HGNC:7132,KMT2A,5
HGNC:6693,LRP1B,5
HGNC:7217,MPL,5
HGNC:8068,NUP98,5
HGNC:8980,PIK3R2,5
HGNC:8986,PIM1,5
HGNC:9113,PML,5
HGNC:9236,PPARG,5
HGNC:8607,PRKN,5
HGNC:9817,RAD51,5
HGNC:9822,RAD51B,5
HGNC:9820,RAD51C,5
HGNC:9823,RAD51D,5
HGNC:18505,RNF43,5
HGNC:10682,SDHC,5
HGNC:6768,SMAD2,5
HGNC:11367,STAT5B,5
HGNC:11773,TGFBR2,5
HGNC:11876,TMPRSS2,5
HGNC:11896,TNFAIP3,5
HGNC:12680,VEGFA,5
HGNC:77,ABL2,4
HGNC:11390,AURKB,4
HGNC:904,AXIN2,4
HGNC:914,B2M,4
HGNC:989,BCL10,4
HGNC:1001,BCL6,4
HGNC:25657,BCORL1,4
HGNC:1014,BCR,4
HGNC:1076,BMPR1A,4
HGNC:20473,BRIP1,4
HGNC:1455,CALR,4
HGNC:1537,CBFA2T3,4
HGNC:1779,CDK8,4
HGNC:1806,CDX2,4
HGNC:2439,CSF3R,4
HGNC:2505,CTLA4,4
HGNC:2745,DDX3X,4
HGNC:24948,DOT1L,4
HGNC:3188,EED,4
HGNC:3387,EPHA3,4
HGNC:3392,EPHB1,4
HGNC:3436,ERCC4,4
HGNC:3437,ERCC5,4
HGNC:18185,ERRFI1,4
HGNC:3508,EWSR1,4
HGNC:3585,FANCD2,4
HGNC:3588,FANCG,4
HGNC:11920,FAS,4
HGNC:3682,FGF4,4
HGNC:3701,FHIT,4
HGNC:3763,FLT1,4
HGNC:5021,FOXA1,4
HGNC:4617,GSK3B,4
HGNC:14552,IKBKE,4
HGNC:6075,INPP4B,4
HGNC:6641,LMO1,4
HGNC:6848,MAP3K1,4
HGNC:6943,MCL1,4
HGNC:6995,MEF2B,4
HGNC:7326,MSH3,4
HGNC:7413,MTAP,4
HGNC:7527,MUTYH,4
HGNC:11825,NKX2-1,4
HGNC:7997,NRG1,4
HGNC:14234,NSD1,4
HGNC:8022,NT5C2,4
HGNC:270,PARP1,4
HGNC:8760,PDCD1,4
HGNC:18731,PDCD1LG2,4
HGNC:18145,PHF6,4
HGNC:8976,PIK3CB,4
HGNC:8978,PIK3CG,4
HGNC:9175,POLD1,4
HGNC:17284,POT1,4
HGNC:9668,PTPRD,4
HGNC:9864,RARA,4
HGNC:9954,REL,4
HGNC:30287,RPTOR,4
HGNC:15573,SETBP1,4
HGNC:29605,SH2B3,4
HGNC:19383,SOCS1,4
HGNC:11190,SOX10,4
HGNC:17575,SPEN,4
HGNC:10783,SRSF2,4
HGNC:11633,TCF3,4
HGNC:24712,TENT5C,4
HGNC:11912,TNFRSF14,4
HGNC:15979,TP63,4
HGNC:12373,TSHR,4
HGNC:13009,ZNF217,4
HGNC:23019,ZRSR2,4
HGNC:17073,ARHGAP26,3
HGNC:14193,ARHGEF12,3
HGNC:18040,ARID1B,3
HGNC:794,ATIC,3
HGNC:13222,BCL11B,3
HGNC:992,BCL2L1,3
HGNC:1004,BCL7A,3
HGNC:1008,BCL9,3
HGNC:1130,BTG1,3
HGNC:18806,CAMTA1,3
HGNC:1542,CBLB,3
HGNC:15961,CBLC,3
HGNC:12771,CCN6,3
HGNC:1681,CD44,3
HGNC:1698,CD79A,3
HGNC:1771,CDK2,3
HGNC:7067,CIITA,3
HGNC:18856,CREB3L1,3
HGNC:2509,CTNNA1,3
HGNC:2557,CUX1,3
HGNC:2561,CXCR4,3
HGNC:2584,CYLD,3
HGNC:2625,CYP2D6,3
HGNC:2718,DDB2,3
HGNC:2726,DDIT3,3
HGNC:2768,DEK,3
HGNC:20604,DIS3,3
HGNC:2974,DNM2,3
HGNC:2976,DNMT1,3
HGNC:3126,EBF1,3
HGNC:21118,ECT2L,3
HGNC:18071,EMSY,3
HGNC:11529,EPCAM,3
HGNC:3389,EPHA5,3
HGNC:3393,EPHB2,3
HGNC:3395,EPHB4,3
HGNC:3416,EPOR,3
HGNC:3433,ERCC1,3
HGNC:3435,ERCC3,3
HGNC:3489,ETS2,3
HGNC:3586,FANCE,3
HGNC:3587,FANCF,3
HGNC:20748,FANCL,3
HGNC:3595,FAT1,3
HGNC:13590,FBXO11,3
HGNC:3666,FGF10,3
HGNC:3671,FGF14,3
HGNC:3680,FGF23,3
HGNC:3684,FGF6,3
HGNC:3749,FLI1,3
HGNC:7139,FOXO4,3
HGNC:4010,FUS,3
HGNC:4173,GATA4,3
HGNC:4381,GNA13,3
HGNC:4451,GPC3,3
HGNC:2001,GREM1,3
HGNC:4638,GSTP1,3
HGNC:4852,HDAC1,3
HGNC:4910,HIF1A,3
HGNC:5009,HMGA2,3
HGNC:5112,HOXB13,3
HGNC:5253,HSP90AA1,3
HGNC:5464,IGF1,3
HGNC:5466,IGF2,3
HGNC:6116,IRF1,3
HGNC:6117,IRF2,3
HGNC:13013,KAT6A,3
HGNC:6348,KLF4,3
HGNC:18653,KLHL6,3
HGNC:6735,LYN,3
HGNC:6776,MAF,3
HGNC:6408,MAFB,3
HGNC:6819,MALT1,3
HGNC:3498,MECOM,3
HGNC:7107,MKI67,3
HGNC:7136,MLLT3,3
HGNC:7180,MN1,3
HGNC:7569,MYH11,3
HGNC:7579,MYH9,3
HGNC:7611,MYOD1,3
HGNC:7669,NCOA2,3
HGNC:7679,NDRG1,3
HGNC:7797,NFKBIA,3
HGNC:7982,NR4A3,3
HGNC:12766,NSD2,3
HGNC:12767,NSD3,3
HGNC:29919,NUTM1,3
HGNC:15524,P2RY8,3
HGNC:8617,PAX3,3
HGNC:8621,PAX7,3
HGNC:8622,PAX8,3
HGNC:8800,PDGFB,3
HGNC:8809,PDK1,3
HGNC:9143,PHOX2B,3
HGNC:9066,PLCG2,3
HGNC:9121,PMS1,3
HGNC:9395,PRKCB,3
HGNC:9658,PTPN6,3
HGNC:9682,PTPRT,3
HGNC:9811,RAD21,3
HGNC:9826,RAD54L,3
HGNC:9871,RASA1,3
HGNC:9896,RBM10,3
HGNC:14959,RBM15,3
HGNC:9949,RECQL4,3
HGNC:9955,RELA,3
HGNC:10023,RIT1,3
HGNC:10360,RPL5,3
HGNC:28583,RSPO2,3
HGNC:1535,RUNX1T1,3
HGNC:26034,SDHAF2,3
HGNC:10810,SGK1,3
HGNC:23845,SLX4,3
HGNC:11195,SOX2,3
HGNC:11204,SOX9,3
HGNC:11335,SSX1,3
HGNC:11365,STAT4,3
HGNC:11366,STAT5A,3
HGNC:11368,STAT6,3
HGNC:29529,TBL1XR1,3
HGNC:11602,TBX3,3
HGNC:11641,TCF7L2,3
HGNC:11648,TCL1A,3
HGNC:29484,TET1,3
HGNC:13532,TLX3,3
HGNC:26038,TMEM127,3
HGNC:11913,TNFRSF17,3
HGNC:11989,TOP2A,3
HGNC:20456,TRAF7,3
HGNC:16262,YAP1,3
HGNC:12930,ZBTB16,3
HGNC:40,ABCB1,2
HGNC:54,ABCC3,2
HGNC:74,ABCG2,2
HGNC:11320,ABI1,2
HGNC:25829,ABRAXAS1,2
HGNC:16496,ACSL6,2
HGNC:171,ACVR1,2
HGNC:172,ACVR1B,2
HGNC:7137,AFDN,2
HGNC:7135,AFF1,2
HGNC:17869,AFF4,2
HGNC:15472,ALDH1A2,2
HGNC:430,ALOX12B,2
HGNC:662,ARFRP1,2
HGNC:17362,ARID5B,2
HGNC:700,ARNT,2
HGNC:738,ASCL1,2
HGNC:753,ASNS,2
HGNC:758,ASS1,2
HGNC:783,ATF1,2
HGNC:17868,BBC3,2
HGNC:13221,BCL11A,2
HGNC:995,BCL2L2,2
HGNC:998,BCL3,2
HGNC:18994,BRSK1,2
HGNC:1131,BTG2,2
HGNC:1149,BUB1B,2
HGNC:1493,CARS1,2
HGNC:18782,CCDC6,2
HGNC:2500,CCN2,2
HGNC:1643,CD22,2
HGNC:11937,CD70,2
HGNC:1697,CD74,2
HGNC:1750,CDH11,2
HGNC:1786,CDKN1C,2
HGNC:17012,CEP43,2
HGNC:1884,CFTR,2
HGNC:1917,CHD2,2
HGNC:1935,CHIC2,2
HGNC:1943,CHN1,2
HGNC:19083,CKS1B,2
HGNC:16999,CLP1,2
HGNC:2092,CLTC,2
HGNC:2093,CLTCL1,2
HGNC:7879,CNOT3,2
HGNC:1858,CNTRL,2
HGNC:2197,COL1A1,2
HGNC:17440,COP1,2
HGNC:23720,CREB3L2,2
HGNC:2432,CSF1,2
HGNC:2553,CUL3,2
HGNC:10637,CXCL10,2
HGNC:2701,DCC,2
HGNC:2735,DDX10,2
HGNC:2747,DDX6,2
HGNC:2891,DKK1,2
HGNC:2979,DNMT3B,2
HGNC:3012,DPYD,2
HGNC:16077,DUSP22,2
HGNC:3072,DUSP6,2
HGNC:3076,DUSP9,2
HGNC:3115,E2F3,2
HGNC:3229,EGF,2
HGNC:1232,EGLN1,2
HGNC:3250,EIF1AX,2
HGNC:3284,EIF4A2,2
HGNC:3319,ELF4,2
HGNC:23114,ELL,2
HGNC:3327,ELN,2
HGNC:1316,EML4,2
HGNC:3374,EPAS1,2
HGNC:3386,EPHA2,2
HGNC:3390,EPHA7,2
HGNC:3419,EPS15,2
HGNC:3488,ETS1,2
HGNC:3512,EXT1,2
HGNC:3513,EXT2,2
HGNC:12691,EZR,2
HGNC:25568,FANCI,2
HGNC:16510,FBXO31,2
HGNC:3616,FCGR2A,2
HGNC:3618,FCGR2B,2
HGNC:3619,FCGR3A,2
HGNC:18507,FCRL4,2
HGNC:18562,FEV,2
HGNC:3676,FGF2,2
HGNC:3697,FGR,2
HGNC:19124,FIP1L1,2
HGNC:17069,FNBP1,2
HGNC:3785,FNTB,2
HGNC:6106,FOXP3,2
HGNC:16971,FRS2,2
HGNC:3973,FSTL3,2
HGNC:4095,GADD45A,2
HGNC:4096,GADD45B,2
HGNC:4169,GAS7,2
HGNC:4174,GATA6,2
HGNC:28453,GID4,2
HGNC:4378,GMPS,2
HGNC:15465,GPHN,2
HGNC:4595,GRM3,2
HGNC:4716,H1-2,2
HGNC:4718,H1-4,2
HGNC:4713,H19,2
HGNC:4733,H2AC6,2
HGNC:4765,H3-3B,2
HGNC:4768,H3C3,2
HGNC:18437,HAVCR2,2
HGNC:4853,HDAC2,2
HGNC:14063,HDAC4,2
HGNC:13744,HERPUD1,2
HGNC:4880,HEY1,2
HGNC:4913,HIP1,2
HGNC:4933,HLA-C,2
HGNC:4947,HLA-DRA,2
HGNC:4977,HLF,2
HGNC:5010,HMGA1,2
HGNC:5101,HOXA11,2
HGNC:5102,HOXA13,2
HGNC:5109,HOXA9,2
HGNC:5123,HOXC11,2
HGNC:5125,HOXC13,2
HGNC:5134,HOXD11,2
HGNC:5136,HOXD13,2
HGNC:5258,HSP90AB1,2
HGNC:16969,HSPH1,2
HGNC:5439,IFNGR1,2
HGNC:13177,IKZF2,2
HGNC:13178,IKZF3,2
HGNC:6006,IL21R,2
HGNC:6021,IL6ST,2
HGNC:6062,ING1,2
HGNC:6066,INHBA,2
HGNC:6091,INSR,2
HGNC:5358,IRF8,2
HGNC:6171,ITK,2
HGNC:28917,JAZF1,2
HGNC:4021,KDSR,2
HGNC:6308,KEL,2
HGNC:16636,KIF1B,2
HGNC:6324,KIF5B,2
HGNC:37212,KLLN,2
HGNC:15840,KMT2B,2
HGNC:30767,KNSTRN,2
HGNC:6476,LAG3,2
HGNC:6513,LASP1,2
HGNC:6514,LATS1,2
HGNC:6515,LATS2,2
HGNC:6528,LCP1,2
HGNC:6551,LEF1,2
HGNC:6597,LIFR,2
HGNC:6642,LMO2,2
HGNC:6679,LPP,2
HGNC:30991,LRIG3,2
HGNC:6734,LYL1,2
HGNC:6742,LZTR1,2
HGNC:6852,MAP3K13,2
HGNC:6859,MAP3K7,2
HGNC:6919,MBD4,2
HGNC:21163,MDC1,2
HGNC:29633,MDS2,2
HGNC:7027,MERTK,2
HGNC:7059,MGMT,2
HGNC:21086,MIB1,2
HGNC:31595,MIR218-1,2
HGNC:7125,MLF1,2
HGNC:7128,MLH3,2
HGNC:7134,MLLT1,2
HGNC:16063,MLLT10,2
HGNC:7138,MLLT6,2
HGNC:4979,MNX1,2
HGNC:14334,MRTFA,2
HGNC:18585,MSI2,2
HGNC:7372,MSMB,2
HGNC:7373,MSN,2
HGNC:7381,MST1R,2
HGNC:7436,MTHFR,2
HGNC:7508,MUC1,2
HGNC:7547,MYBL1,2
HGNC:31104,MYO18A,2
HGNC:7629,NACA,2
HGNC:7671,NCOA4,2
HGNC:7672,NCOR1,2
HGNC:7673,NCOR2,2
HGNC:7795,NFKB2,2
HGNC:14906,NIN,2
HGNC:7838,NKX3-1,2
HGNC:7884,NOTCH4,2
HGNC:2874,NQO1,2
HGNC:23063,NUDT15,2
HGNC:8059,NUMA1,2
HGNC:8064,NUP214,2
HGNC:28958,NUP93,2
HGNC:8134,OMD,2
HGNC:8575,PAFAH1B2,2
HGNC:8590,PAK1,2
HGNC:8592,PAK3,2
HGNC:8632,PBX1,2
HGNC:8647,PCBP1,2
HGNC:8727,PCM1,2
HGNC:8748,PCSK7,2
HGNC:8763,PDCD4,2
HGNC:15580,PDE4DIP,2
HGNC:8816,PDPK1,2
HGNC:8845,PER1,2
HGNC:8910,PGR,2
HGNC:15514,PICALM,2
HGNC:8972,PIK3C2B,2
HGNC:8973,PIK3C2G,2
HGNC:8977,PIK3CD,2
HGNC:9045,PLAG1,2
HGNC:9077,PLK1,2
HGNC:19699,PLK2,2
HGNC:9211,POU2AF1,2
HGNC:9221,POU5F1,2
HGNC:14375,PPP1R15A,2
HGNC:9304,PPP2R2A,2
HGNC:9343,PRCC,2
HGNC:14000,PRDM16,2
HGNC:22950,PREX2,2
HGNC:9377,PRKAA2,2
HGNC:9380,PRKACA,2
HGNC:9393,PRKCA,2
HGNC:9413,PRKDC,2
HGNC:9142,PRRX1,2
HGNC:9527,PSIP1,2
HGNC:9586,PTCH2,2
HGNC:9589,PTENP1,2
HGNC:9645,PTPN12,2
HGNC:9646,PTPN13,2
HGNC:9650,PTPN2,2
HGNC:9666,PTPRC,2
HGNC:21100,QKI,2
HGNC:17677,RABEP1,2
HGNC:9813,RAD23B,2
HGNC:9824,RAD52,2
HGNC:9842,RALGDS,2
HGNC:9859,RAP1GDS1,2
HGNC:10011,RHEB,2
HGNC:686,RHOH,2
HGNC:21876,RINT1,2
HGNC:28349,RMI2,2
HGNC:14539,RNF213,2
HGNC:10298,RPL10,2
HGNC:10315,RPL22,2
HGNC:10381,RPN1,2
HGNC:18118,RSF1,2
HGNC:20866,RSPO3,2
HGNC:10472,RUNX2,2
HGNC:10661,SDC4,2
HGNC:9164,SEPTIN5,2
HGNC:15848,SEPTIN6,2
HGNC:7323,SEPTIN9,2
HGNC:10760,SET,2
HGNC:10830,SH3GL1,2
HGNC:25543,SHQ1,2
HGNC:14929,SIRT1,2
HGNC:11020,SLC34A2,2
HGNC:11086,SLIT2,2
HGNC:6769,SMAD3,2
HGNC:11097,SMARCA1,2
HGNC:11109,SMARCE1,2
HGNC:11111,SMC1A,2
HGNC:2468,SMC3,2
HGNC:30542,SNX29,2
HGNC:19391,SOCS3,2
HGNC:11180,SOD2,2
HGNC:11270,SPRY2,2
HGNC:19744,SRGAP3,2
HGNC:10785,SRSF3,2
HGNC:11340,SS18,2
HGNC:11336,SSX2,2
HGNC:11338,SSX4,2
HGNC:11362,STAT1,2
HGNC:11535,TAF1,2
HGNC:11547,TAF15,2
HGNC:11556,TAL1,2
HGNC:11557,TAL2,2
HGNC:11724,TEK,2
HGNC:11752,TFE3,2
HGNC:11758,TFG,2
HGNC:13630,TFPT,2
HGNC:11763,TFRC,2
HGNC:11774,TGFBR3,2
HGNC:5056,TLX1,2
HGNC:11999,TP53BP1,2
HGNC:12012,TPM3,2
HGNC:12013,TPM4,2
HGNC:12033,TRAF3,2
HGNC:11812,TRIM24,2
HGNC:12305,TRIP11,2
HGNC:12347,TRRAP,2
HGNC:12397,TTF1,2
HGNC:21586,TTL,2
HGNC:30242,TUSC3,2
HGNC:12441,TYMS,2
HGNC:12530,UGT1A1,2
HGNC:12629,USP6,2
HGNC:12761,WEE1,2
HGNC:18081,WIF1,2
HGNC:12776,WNT11,2
HGNC:12791,WRN,2
HGNC:24042,WWTR1,2
HGNC:12814,XPA,2
HGNC:12816,XPC,2
HGNC:12828,XRCC1,2
HGNC:12829,XRCC2,2
HGNC:777,ZFHX3,2
HGNC:18513,ZHX2,2
HGNC:12989,ZMYM2,2
HGNC:13054,ZMYM3,2
HGNC:11955,ZNF384,2
HGNC:24605,ZNF521,2
HGNC:25883,ZNF703,2
HGNC:18126,ZNRF3,2
HGNC:52,ABCC10,1
HGNC:24011,ABI2,1
HGNC:108,ACHE,1
HGNC:23692,ACKR3,1
HGNC:3570,ACSL3,1
HGNC:129,ACTA1,1
HGNC:130,ACTA2,1
HGNC:132,ACTB,1
HGNC:24124,ACTL6A,1
HGNC:18123,ACVR1C,1
HGNC:177,ACY1,1
HGNC:17110,ADAMTS18,1
HGNC:224,ADAMTS8,1
HGNC:13202,ADAMTS9,1
HGNC:42435,ADAMTS9-AS2,1
HGNC:226,ADARB1,1
HGNC:17849,ADGRA2,1
HGNC:269,ADPRH,1
HGNC:303,AEBP1,1
HGNC:25901,AFAP1L2,1
HGNC:6473,AFF3,1
HGNC:328,AGR2,1
HGNC:336,AGTR1,1
HGNC:344,AHCYL1,1
HGNC:347,AHNAK,1
HGNC:348,AHR,1
HGNC:346,AHRR,1
HGNC:352,AIF1,1
HGNC:357,AIM2,1
HGNC:10648,AIMP1,1
HGNC:20609,AIMP2,1
HGNC:358,AIP,1
HGNC:30801,AJAP1,1
HGNC:20250,AJUBA,1
HGNC:370,AKAP12,1
HGNC:379,AKAP9,1
HGNC:381,AKR1B1,1
HGNC:400,ALCAM,1
HGNC:404,ALDH2,1
HGNC:433,ALOX15,1
HGNC:434,ALOX15B,1
HGNC:438,ALPL,1
HGNC:464,AMH,1
HGNC:19988,ANAPC1,1
HGNC:16039,ANGPTL4,1
HGNC:13233,ANP32A,1
HGNC:533,ANXA1,1
HGNC:545,ANXA7,1
HGNC:576,APAF1,1
HGNC:29509,APH1A,1
HGNC:339,APLNR,1
HGNC:603,APOB,1
HGNC:651,AREG,1
HGNC:652,ARF1,1
HGNC:663,ARG1,1
HGNC:30207,ARHGAP29,1
HGNC:4591,ARHGAP35,1
HGNC:24046,ARL11,1
HGNC:16937,ARL6IP5,1
HGNC:21706,ARMC10,1
HGNC:25781,ARMC5,1
HGNC:701,ARNTL,1
HGNC:751,ASMTL,1
HGNC:13825,ASPSCR1,1
HGNC:23805,ASXL2,1
HGNC:785,ATF3,1
HGNC:589,ATG5,1
HGNC:29034,ATMIN,1
HGNC:13553,ATP11B,1
HGNC:799,ATP1A1,1
HGNC:816,ATP2B3,1
HGNC:870,ATP7B,1
HGNC:33279,ATXN1L,1
HGNC:910,AZGP1,1
HGNC:924,B4GALT1,1
HGNC:13450,BANP,1
HGNC:957,BASP1,1
HGNC:25163,BATF2,1
HGNC:959,BAX,1
HGNC:16657,BCL2L14,1
HGNC:1002,BCL6B,1
HGNC:16863,BCLAF1,1
HGNC:1034,BECN1,1
HGNC:30933,BEX2,1
HGNC:16617,BHLHE41,1
HGNC:4332,BICRA,1
HGNC:1051,BIK,1
HGNC:1052,BIN1,1
HGNC:593,BIRC5,1
HGNC:13702,BIRC7,1
HGNC:1055,BLCAP,1
HGNC:33495,BLID,1
HGNC:14211,BLNK,1
HGNC:24132,BMF,1
HGNC:20869,BMP10,1
HGNC:1069,BMP2,1
HGNC:1071,BMP4,1
HGNC:1078,BMPR2,1
HGNC:1085,BNIP3L,1
HGNC:1104,BRD3,1
HGNC:14310,BRD7,1
HGNC:11551,BRF1,1
HGNC:2687,BRINP1,1
HGNC:17262,BRMS1,1
HGNC:1132,BTG3,1
HGNC:13862,BTG4,1
HGNC:21087,BTLA,1
HGNC:28519,C11orf65,1
HGNC:44654,C15orf65,1
HGNC:33731,C3orf70,1
HGNC:30905,C8orf34,1
HGNC:25097,CABLES1,1
HGNC:1391,CACNA1D,1
HGNC:15460,CACNA2D3,1
HGNC:1424,CAD,1
HGNC:5951,CADM1,1
HGNC:29849,CADM2,1
HGNC:17601,CADM3,1
HGNC:30825,CADM4,1
HGNC:24190,CAMK2N1,1
HGNC:19721,CANT1,1
HGNC:1474,CAPG,1
HGNC:22933,CASC2,1
HGNC:1503,CASP2,1
HGNC:1506,CASP5,1
HGNC:1514,CASR,1
HGNC:1516,CAT,1
HGNC:1527,CAV1,1
HGNC:9400,CAVIN3,1
HGNC:1549,CBR3,1
HGNC:1555,CBX5,1
HGNC:24236,CCAR1,1
HGNC:23360,CCAR2,1
HGNC:22225,CCDC136,1
HGNC:34454,CCDC154,1
HGNC:7885,CCN3,1
HGNC:19437,CCNB1IP1,1
HGNC:1581,CCNC,1
HGNC:1587,CCNDBP1,1
HGNC:1621,CCT6B,1
HGNC:1633,CD19,1
HGNC:19137,CD276,1
HGNC:1663,CD36,1
HGNC:1678,CD4,1
HGNC:11919,CD40,1
HGNC:1688,CD58,1
HGNC:6210,CD82,1
HGNC:24357,CDCP1,1
HGNC:1753,CDH13,1
HGNC:1756,CDH17,1
HGNC:1763,CDH4,1
HGNC:1764,CDH5,1
HGNC:14002,CDK2AP1,1
HGNC:1774,CDK5,1
HGNC:1780,CDK9,1
HGNC:1795,CDO1,1
HGNC:1814,CEACAM1,1
HGNC:1835,CEBPD,1
HGNC:23163,CENPS,1
HGNC:30794,CEP57,1
HGNC:29599,CFAP94,1
HGNC:1876,CFLAR,1
HGNC:28314,CHCHD7,1
HGNC:1915,CHD1,1
HGNC:1919,CHD4,1
HGNC:16816,CHD5,1
HGNC:20455,CHFR,1
HGNC:19650,CHST10,1
HGNC:1974,CHUK,1
HGNC:21219,CILK1,1
HGNC:29302,CIP2A,1
HGNC:1987,CITED2,1
HGNC:16744,CIZ1,1
HGNC:2032,CLDN1,1
HGNC:17591,CLDN23,1
HGNC:2095,CLU,1
HGNC:19174,CMTM3,1
HGNC:19176,CMTM5,1
HGNC:13164,CNBP,1
HGNC:24437,CNDP2,1
HGNC:2155,CNN1,1
HGNC:13830,CNTNAP2,1
HGNC:2231,COPB1,1
HGNC:30747,COPS2,1
HGNC:2285,COX6C,1
HGNC:2320,CPNE7,1
HGNC:2323,CPS1,1
HGNC:30185,CRBN,1
HGNC:2345,CREB1,1
HGNC:16844,CREB5,1
HGNC:2352,CREM,1
HGNC:1230,CRNN,1
HGNC:16062,CRTC1,1
HGNC:26148,CRTC3,1
HGNC:2434,CSF2,1
HGNC:14026,CSMD1,1
HGNC:2451,CSNK1A1,1
HGNC:14300,CSRNP1,1
HGNC:2477,CST5,1
HGNC:2478,CST6,1
HGNC:2491,CTAG1B,1
HGNC:2492,CTAG2,1
HGNC:26169,CTC1,1
HGNC:16234,CTCFL,1
HGNC:16890,CTDSPL,1
HGNC:2510,CTNNA2,1
HGNC:2511,CTNNA3,1
HGNC:16913,CTNNBIP1,1
HGNC:2515,CTNND1,1
HGNC:2523,CTRC,1
HGNC:2551,CUL1,1
HGNC:2552,CUL2,1
HGNC:2554,CUL4A,1
HGNC:2556,CUL5,1
HGNC:21024,CUL7,1
HGNC:10647,CX3CL1,1
HGNC:10672,CXCL12,1
HGNC:10640,CXCL14,1
HGNC:6027,CXCR2,1
HGNC:24593,CXXC4,1
HGNC:26943,CXXC5,1
HGNC:30253,CYB561D2,1
HGNC:2570,CYB5A,1
HGNC:24376,CYB5R2,1
HGNC:16505,CYGB,1
HGNC:2593,CYP17A1,1
HGNC:2597,CYP1B1,1
HGNC:2638,CYP3A5,1
HGNC:2662,DAB2,1
HGNC:17294,DAB2IP,1
HGNC:2663,DACH1,1
HGNC:17748,DACT1,1
HGNC:2674,DAPK1,1
HGNC:2675,DAPK2,1
HGNC:2676,DAPK3,1
HGNC:2690,DBI,1
HGNC:18141,DCDC2,1
HGNC:17660,DCLRE1A,1
HGNC:2705,DCN,1
HGNC:18184,DCUN1D1,1
HGNC:28734,DCUN1D3,1
HGNC:2730,DDR1,1
HGNC:18674,DDX41,1
HGNC:18677,DDX43,1
HGNC:2746,DDX5,1
HGNC:19102,DDX58,1
HGNC:2761,DEFA1,1
HGNC:2766,DEFB1,1
HGNC:23658,DELEC1,1
HGNC:11350,DENND2B,1
HGNC:26192,DENND2D,1
HGNC:26344,DEUP1,1
HGNC:2772,DFFA,1
HGNC:2847,DGCR8,1
HGNC:2854,DGKH,1
HGNC:21528,DIABLO,1
HGNC:2680,DIDO1,1
HGNC:19127,DIRAS1,1
HGNC:687,DIRAS3,1
HGNC:28648,DIS3L2,1
HGNC:2890,DKC1,1
HGNC:2893,DKK3,1
HGNC:2897,DLC1,1
HGNC:2899,DLEC1,1
HGNC:13747,DLEU1,1
HGNC:13748,DLEU2,1
HGNC:2900,DLG1,1
HGNC:2907,DLK1,1
HGNC:2909,DLL3,1
HGNC:2926,DMBT1,1
HGNC:2928,DMD,1
HGNC:14603,DMTF1,1
HGNC:11808,DNAJA3,1
HGNC:5270,DNAJB1,1
HGNC:14886,DNAJB4,1
HGNC:25570,DNAJC11,1
HGNC:23799,DND1,1
HGNC:2990,DOK1,1
HGNC:2991,DOK2,1
HGNC:24583,DOK3,1
HGNC:3003,DPH1,1
HGNC:3009,DPP4,1
HGNC:3026,DRD5,1
HGNC:17904,DROSHA,1
HGNC:3037,DSC3,1
HGNC:3052,DSP,1
HGNC:3060,DTX1,1
HGNC:3064,DUSP1,1
HGNC:3068,DUSP2,1
HGNC:28161,DUSP26,1
HGNC:3071,DUSP5,1
HGNC:50800,DUX4,1
HGNC:2962,DYNC2H1,1
HGNC:3113,E2F1,1
HGNC:3114,E2F2,1
HGNC:20907,EAF1,1
HGNC:23115,EAF2,1
HGNC:19087,EBF3,1
HGNC:24642,ECRG4,1
HGNC:35454,ECSCR,1
HGNC:3155,ECT2,1
HGNC:17756,EDA2R,1
HGNC:3180,EDNRB,1
HGNC:3189,EEF1A1,1
HGNC:3212,EEF1E1,1
HGNC:3222,EFNA2,1
HGNC:3225,EFNA5,1
HGNC:20594,EGFL7,1
HGNC:14661,EGLN3,1
HGNC:3238,EGR1,1
HGNC:3239,EGR2,1
HGNC:3244,EHD3,1
HGNC:3246,EHF,1
HGNC:13276,EI24,1
HGNC:3275,EIF3F,1
HGNC:3288,EIF4EBP1,1
HGNC:3318,ELF3,1
HGNC:3326,ELK4,1
HGNC:11620,ELOA,1
HGNC:11617,ELOC,1
HGNC:5959,ELP1,1
HGNC:18248,ELP2,1
HGNC:3333,EMP1,1
HGNC:3334,EMP2,1
HGNC:3349,ENG,1
HGNC:3377,EPB41,1
HGNC:3380,EPB41L3,1
HGNC:3385,EPHA1,1
HGNC:3394,EPHB3,1
HGNC:3396,EPHB6,1
HGNC:17072,ERC1,1
HGNC:3438,ERCC6,1
HGNC:3443,EREG,1
HGNC:3444,ERF,1
HGNC:3468,ESR2,1
HGNC:25966,ESRP1,1
HGNC:3473,ESRRB,1
HGNC:19055,EXOSC6,1
HGNC:3515,EXTL1,1
HGNC:3516,EXTL2,1
HGNC:3518,EXTL3,1
HGNC:3522,EYA4,1
HGNC:3526,EZH1,1
HGNC:3557,FABP3,1
HGNC:3573,FADD,1
HGNC:3578,FAF1,1
HGNC:25365,FAM172A,1
HGNC:3583,FANCB,1
HGNC:23168,FANCM,1
HGNC:23109,FAT4,1
HGNC:3600,FBLN1,1
HGNC:3606,FBP1,1
HGNC:21658,FBXL13,1
HGNC:13596,FBXO25,1
HGNC:16731,FBXO32,1
HGNC:3631,FDPS,1
HGNC:15801,FER1L4,1
HGNC:3665,FGF1,1
HGNC:3668,FGF12,1
HGNC:3670,FGF13,1
HGNC:3683,FGF5,1
HGNC:3685,FGF7,1
HGNC:3686,FGF8,1
HGNC:3687,FGF9,1
HGNC:3702,FHL1,1
HGNC:3754,FLNA,1
HGNC:25404,FLYWCH1,1
HGNC:3796,FOS,1
HGNC:5022,FOXA2,1
HGNC:3800,FOXC1,1
HGNC:3801,FOXC2,1
HGNC:3804,FOXD3,1
HGNC:34428,FOXL2NB,1
HGNC:24814,FOXO6,1
HGNC:20951,FOXQ1,1
HGNC:3955,FRK,1
HGNC:16970,FRS3,1
HGNC:3951,FXN,1
HGNC:24824,FZR1,1
HGNC:30229,G0S2,1
HGNC:4057,G6PD,1
HGNC:4067,GABARAP,1
HGNC:4080,GABRA6,1
HGNC:4097,GADD45G,1
HGNC:29996,GADD45GIP1,1
HGNC:19877,GALNT12,1
HGNC:4132,GALR1,1
HGNC:4138,GANAB,1
HGNC:4165,GAS1,1
HGNC:16355,GAS5,1
HGNC:4168,GAS6,1
HGNC:15802,GATA5,1
HGNC:4182,GBP1,1
HGNC:26881,GEN1,1
HGNC:19357,GGNBP2,1
HGNC:4274,GJA1,1
HGNC:4284,GJB2,1
HGNC:23217,GKN1,1
HGNC:24588,GKN2,1
HGNC:4318,GLI2,1
HGNC:17001,GLIPR1,1
HGNC:29570,GLS2,1
HGNC:4380,GNA12,1
HGNC:4393,GNAT1,1
HGNC:4415,GNMT,1
HGNC:4428,GOLGA5,1
HGNC:17643,GOPC,1
HGNC:25676,GORAB,1
HGNC:4453,GPC5,1
HGNC:9836,GPRC5A,1
HGNC:4550,GPS2,1
HGNC:4555,GPX3,1
HGNC:2810,GSDME,1
HGNC:4620,GSN,1
HGNC:21535,GTPBP4,1
HGNC:13698,GTSE1,1
HGNC:4688,GUCY2C,1
HGNC:4717,H1-3,1
HGNC:4737,H2AC11,1
HGNC:4730,H2AC16,1
HGNC:4735,H2AC17,1
HGNC:4739,H2AX,1
HGNC:4761,H2BC11,1
HGNC:13954,H2BC12,1
HGNC:4758,H2BC17,1
HGNC:4751,H2BC3,1
HGNC:4757,H2BC4,1
HGNC:4747,H2BC5,1
HGNC:33164,H3-5,1
HGNC:4766,H3C1,1
HGNC:20503,H3C14,1
HGNC:4791,H4C13,1
HGNC:4789,H4C2,1
HGNC:4790,H4C5,1
HGNC:4793,H4C9,1
HGNC:20920,HACD4,1
HGNC:21033,HACE1,1
HGNC:4820,HAS3,1
HGNC:23200,HBP1,1
HGNC:24827,HCAR2,1
HGNC:4854,HDAC3,1
HGNC:14067,HDAC7,1
HGNC:21041,HECA,1
HGNC:26361,HEPACAM,1
HGNC:4909,HIC1,1
HGNC:4912,HINT1,1
HGNC:14402,HIPK2,1
HGNC:4916,HIRA,1
HGNC:4920,HIVEP1,1
HGNC:13561,HIVEP3,1
HGNC:4931,HLA-A,1
HGNC:4932,HLA-B,1
HGNC:4934,HLA-DMA,1
HGNC:4935,HLA-DMB,1
HGNC:4936,HLA-DOA,1
HGNC:4937,HLA-DOB,1
HGNC:4938,HLA-DPA1,1
HGNC:4940,HLA-DPB1,1
HGNC:4941,HLA-DPB2,1
HGNC:4942,HLA-DQA1,1
HGNC:4943,HLA-DQA2,1
HGNC:4944,HLA-DQB1,1
HGNC:4945,HLA-DQB2,1
HGNC:4948,HLA-DRB1,1
HGNC:4953,HLA-DRB5,1
HGNC:4954,HLA-DRB6,1
HGNC:4962,HLA-E,1
HGNC:4963,HLA-F,1
HGNC:4964,HLA-G,1
HGNC:11099,HLTF,1
HGNC:26817,HMGN2P46,1
HGNC:5013,HMOX1,1
HGNC:11630,HNF1B,1
HGNC:5024,HNF4A,1
HGNC:5033,HNRNPA2B1,1
HGNC:17513,HOMER2,1
HGNC:23576,HOOK3,1
HGNC:24961,HOPX,1
HGNC:5104,HOXA3,1
HGNC:5139,HOXD8,1
HGNC:5154,HPGD,1
HGNC:5181,HRG,1
HGNC:5217,HSD3B1,1
HGNC:12028,HSP90B1,1
HGNC:5238,HSPA5,1
HGNC:5246,HSPB1,1
HGNC:5249,HSPB7,1
HGNC:5261,HSPD1,1
HGNC:16637,HTATIP2,1
HGNC:9476,HTRA1,1
HGNC:14348,HTRA2,1
HGNC:30406,HTRA3,1
HGNC:17087,ICOSLG,1
HGNC:5362,ID3,1
HGNC:5363,ID4,1
HGNC:6059,IDO1,1
HGNC:5392,IER3,1
HGNC:5395,IFI16,1
HGNC:5407,IFIT1,1
HGNC:5409,IFIT2,1
HGNC:5411,IFIT3,1
HGNC:5412,IFITM1,1
HGNC:5414,IFITM3,1
HGNC:5432,IFNAR1,1
HGNC:5433,IFNAR2,1
HGNC:5440,IFNGR2,1
HGNC:18365,IFNL3,1
HGNC:20606,IFT88,1
HGNC:5467,IGF2R,1
HGNC:5468,IGFALS,1
HGNC:5472,IGFBP3,1
HGNC:5473,IGFBP4,1
HGNC:5474,IGFBP5,1
HGNC:5476,IGFBP7,1
HGNC:20081,IGFBPL1,1
HGNC:5477,IGH,1
HGNC:5715,IGK,1
HGNC:5853,IGL,1
HGNC:5962,IL10,1
HGNC:5964,IL10RA,1
HGNC:5977,IL15,1
HGNC:5981,IL17A,1
HGNC:17616,IL17RD,1
HGNC:6001,IL2,1
HGNC:11346,IL24,1
HGNC:6008,IL2RA,1
HGNC:6009,IL2RB,1
HGNC:6011,IL3,1
HGNC:16028,IL33,1
HGNC:6018,IL6,1
HGNC:6019,IL6R,1
HGNC:6040,ILK,1
HGNC:6063,ING2,1
HGNC:14587,ING3,1
HGNC:19423,ING4,1
HGNC:19421,ING5,1
HGNC:6074,INPP4A,1
HGNC:6079,INPP5D,1
HGNC:14879,INTS6,1
HGNC:6111,IQGAP2,1
HGNC:7237,IRAG1,1
HGNC:6690,IRAG2,1
HGNC:6118,IRF3,1
HGNC:6120,IRF5,1
HGNC:6125,IRS1,1
HGNC:14358,IRX1,1
HGNC:4053,ISG15,1
HGNC:6141,ITGA5,1
HGNC:6143,ITGA7,1
HGNC:6150,ITGAV,1
HGNC:6153,ITGB1,1
HGNC:6156,ITGB3,1
HGNC:6179,ITPKB,1
HGNC:6196,JARID2,1
HGNC:17546,JDP2,1
HGNC:6207,JUP,1
HGNC:19309,KANK1,1
HGNC:5275,KAT5,1
HGNC:17582,KAT6B,1
HGNC:23761,KBTBD4,1
HGNC:6266,KCNJ5,1
HGNC:18893,KCNRG,1
HGNC:13610,KDM2B,1
HGNC:20815,KDM3A,1
HGNC:1337,KDM3B,1
HGNC:17071,KDM4C,1
HGNC:25840,KDM8,1
HGNC:22219,KIAA1549,1
HGNC:6392,KIF23,1
HGNC:30497,KIF7,1
HGNC:6341,KISS1,1
HGNC:6344,KL,1
HGNC:11810,KLF10,1
HGNC:6349,KLF5,1
HGNC:2235,KLF6,1
HGNC:6358,KLK10,1
HGNC:6363,KLK2,1
HGNC:6367,KLK6,1
HGNC:24054,KNL1,1
HGNC:1573,KRIT1,1
HGNC:6430,KRT18,1
HGNC:6436,KRT19,1
HGNC:6467,KTN1,1
HGNC:26677,L3MBTL4,1
HGNC:12749,LAT2,1
HGNC:6524,LCK,1
HGNC:6547,LDLR,1
HGNC:6552,LEFTY1,1
HGNC:3122,LEFTY2,1
HGNC:6554,LEPR,1
HGNC:6568,LGALS7,1
HGNC:4504,LGR5,1
HGNC:6586,LHFPL6,1
HGNC:21734,LHX4,1
HGNC:21735,LHX6,1
HGNC:24636,LIMA1,1
HGNC:6612,LIMD1,1
HGNC:30830,LIN9,1
HGNC:26885,LINC-PINT,1
HGNC:16841,LITAF,1
HGNC:6628,LLGL1,1
HGNC:6636,LMNA,1
HGNC:26683,LMNTD1,1
HGNC:6664,LOX,1
HGNC:17360,LRIG1,1
HGNC:28105,LRRC3B,1
HGNC:15586,LRRC4,1
HGNC:18618,LRRK2,1
HGNC:6705,LSAMP,1
HGNC:6720,LTF,1
HGNC:6721,LTK,1
HGNC:13347,LXN,1
HGNC:13861,LZTS1,1
HGNC:6762,MAD1L1,1
HGNC:6764,MAD2L2,1
HGNC:6766,MADD,1
HGNC:13731,MAEA,1
HGNC:6813,MAGED1,1
HGNC:24092,MAGEH1,1
HGNC:6815,MAGOH,1
HGNC:6817,MAL,1
HGNC:16259,MAML2,1
HGNC:6847,MAP2K7,1
HGNC:6853,MAP3K14,1
HGNC:6856,MAP3K4,1
HGNC:6858,MAP3K6,1
HGNC:6860,MAP3K8,1
HGNC:6863,MAP4K1,1
HGNC:6872,MAPK10,1
HGNC:6877,MAPK3,1
HGNC:6886,MAPK9,1
HGNC:6759,MARCKS,1
HGNC:28674,MARVELD1,1
HGNC:19034,MAST1,1
HGNC:19035,MAST2,1
HGNC:6904,MAT2A,1
HGNC:6929,MC1R,1
HGNC:6935,MCC,1
HGNC:21484,MCM9,1
HGNC:6954,MCPH1,1
HGNC:6996,MEF2C,1
HGNC:6997,MEF2D,1
HGNC:14575,MEG3,1
HGNC:25897,MFSD2A,1
HGNC:7076,MIA,1
HGNC:23578,MINDY3,1
HGNC:31499,MIR1-1,1
HGNC:31500,MIR1-2,1
HGNC:31487,MIR100,1
HGNC:31488,MIR101-1,1
HGNC:31489,MIR101-2,1
HGNC:31494,MIR106A,1
HGNC:31496,MIR107,1
HGNC:31497,MIR10A,1
HGNC:31501,MIR122,1
HGNC:33922,MIR1226,1
HGNC:31502,MIR124-1,1
HGNC:31503,MIR124-2,1
HGNC:31504,MIR124-3,1
HGNC:35313,MIR1247,1
HGNC:31505,MIR125A,1
HGNC:31506,MIR125B1,1
HGNC:31507,MIR125B2,1
HGNC:31508,MIR126,1
HGNC:31509,MIR127,1
HGNC:31512,MIR129-1,1
HGNC:31513,MIR129-2,1
HGNC:35284,MIR1291,1
HGNC:35289,MIR1297,1
HGNC:31514,MIR130A,1
HGNC:31516,MIR132,1
HGNC:31517,MIR133A1,1
HGNC:31518,MIR133A2,1
HGNC:31519,MIR134,1
HGNC:31520,MIR135A1,1
HGNC:31521,MIR135A2,1
HGNC:31522,MIR136,1
HGNC:31523,MIR137,1
HGNC:31524,MIR138-1,1
HGNC:31525,MIR138-2,1
HGNC:31527,MIR140,1
HGNC:31528,MIR141,1
HGNC:31529,MIR142,1
HGNC:31530,MIR143,1
HGNC:31532,MIR145,1
HGNC:31533,MIR146A,1
HGNC:31534,MIR147A,1
HGNC:31535,MIR148A,1
HGNC:31761,MIR148B,1
HGNC:31536,MIR149,1
HGNC:31537,MIR150,1
HGNC:31538,MIR152,1
HGNC:31542,MIR155,1
HGNC:31543,MIR15A,1
HGNC:31545,MIR16-1,1
HGNC:31546,MIR16-2,1
HGNC:31547,MIR17,1
HGNC:23564,MIR17HG,1
HGNC:31590,MIR181A1,1
HGNC:31549,MIR181A2,1
HGNC:31550,MIR181B1,1
HGNC:31551,MIR181B2,1
HGNC:31552,MIR181C,1
HGNC:31553,MIR182,1
HGNC:31554,MIR183,1
HGNC:31556,MIR185,1
HGNC:31557,MIR186,1
HGNC:31558,MIR187,1
HGNC:31548,MIR18A,1
HGNC:32025,MIR18B,1
HGNC:31562,MIR192,1
HGNC:31563,MIR193A,1
HGNC:32087,MIR193B,1
HGNC:31564,MIR194-1,1
HGNC:31565,MIR194-2,1
HGNC:31566,MIR195,1
HGNC:31568,MIR196A2,1
HGNC:31790,MIR196B,1
HGNC:31570,MIR198,1
HGNC:31571,MIR199A1,1
HGNC:31578,MIR200A,1
HGNC:31579,MIR200B,1
HGNC:31580,MIR200C,1
HGNC:31581,MIR203A,1
HGNC:31582,MIR204,1
HGNC:31583,MIR205,1
HGNC:31584,MIR206,1
HGNC:31577,MIR20A,1
HGNC:31586,MIR21,1
HGNC:31587,MIR210,1
HGNC:31588,MIR211,1
HGNC:31591,MIR214,1
HGNC:31592,MIR215,1
HGNC:31594,MIR217,1
HGNC:31596,MIR218-2,1
HGNC:31597,MIR219A1,1
HGNC:31599,MIR22,1
HGNC:31602,MIR222,1
HGNC:31603,MIR223,1
HGNC:31605,MIR23A,1
HGNC:31606,MIR23B,1
HGNC:31607,MIR24-1,1
HGNC:31609,MIR25,1
HGNC:31610,MIR26A1,1
HGNC:31611,MIR26A2,1
HGNC:31612,MIR26B,1
HGNC:31613,MIR27A,1
HGNC:31614,MIR27B,1
HGNC:31615,MIR28,1
HGNC:31617,MIR296,1
HGNC:31616,MIR29A,1
HGNC:31619,MIR29B1,1
HGNC:31621,MIR29C,1
HGNC:31763,MIR302B,1
HGNC:31624,MIR30A,1
HGNC:31626,MIR30C1,1
HGNC:31630,MIR31,1
HGNC:31632,MIR320A,1
HGNC:31769,MIR326,1
HGNC:32050,MIR329-1,1
HGNC:31773,MIR335,1
HGNC:31775,MIR338,1
HGNC:31634,MIR33A,1
HGNC:31777,MIR340,1
HGNC:31635,MIR34A,1
HGNC:31636,MIR34B,1
HGNC:31637,MIR34C,1
HGNC:31781,MIR367,1
HGNC:31784,MIR370,1
HGNC:31868,MIR375,1
HGNC:31871,MIR378A,1
HGNC:31876,MIR383,1
HGNC:32055,MIR409,1
HGNC:32065,MIR410,1
HGNC:31879,MIR422A,1
HGNC:31881,MIR424,1
HGNC:27645,MIR449A,1
HGNC:32794,MIR449B,1
HGNC:32053,MIR451A,1
HGNC:32340,MIR483,1
HGNC:32342,MIR486-1,1
HGNC:32533,MIR487B,1
HGNC:32075,MIR490,1
HGNC:32082,MIR493,1
HGNC:32084,MIR494,1
HGNC:32085,MIR495,1
HGNC:32088,MIR497,1
HGNC:32136,MIR502,1
HGNC:32138,MIR503,1
HGNC:32139,MIR504,1
HGNC:32140,MIR505,1
HGNC:32145,MIR508,1
HGNC:33675,MIR509-3,1
HGNC:32077,MIR511,1
HGNC:32111,MIR517A,1
HGNC:32124,MIR517C,1
HGNC:32112,MIR519D,1
HGNC:32105,MIR520B,1
HGNC:32108,MIR520C,1
HGNC:32116,MIR520G,1
HGNC:32806,MIR551A,1
HGNC:32830,MIR574,1
HGNC:32871,MIR615,1
HGNC:32892,MIR636,1
HGNC:31638,MIR7-1,1
HGNC:31639,MIR7-2,1
HGNC:31640,MIR7-3,1
HGNC:33654,MIR708,1
HGNC:33643,MIR874,1
HGNC:33648,MIR888,1
HGNC:31641,MIR9-1,1
HGNC:31642,MIR9-2,1
HGNC:31646,MIR9-3,1
HGNC:33684,MIR941-1,1
HGNC:31649,MIR98,1
HGNC:31650,MIR99A,1
HGNC:31476,MIRLET7A1,1
HGNC:31477,MIRLET7A2,1
HGNC:31478,MIRLET7A3,1
HGNC:31479,MIRLET7B,1
HGNC:31480,MIRLET7C,1
HGNC:31481,MIRLET7D,1
HGNC:31482,MIRLET7E,1
HGNC:31483,MIRLET7F1,1
HGNC:31484,MIRLET7F2,1
HGNC:31485,MIRLET7G,1
HGNC:31486,MIRLET7I,1
HGNC:7110,MKNK1,1
HGNC:16997,MLLT11,1
HGNC:7154,MME,1
HGNC:7166,MMP2,1
HGNC:7176,MMP9,1
HGNC:7188,MNT,1
HGNC:16015,MOB1A,1
HGNC:29801,MOB1B,1
HGNC:7315,MS4A1,1
HGNC:7380,MST1,1
HGNC:7396,MT1DP,1
HGNC:7398,MT1F,1
HGNC:7399,MT1G,1
HGNC:14296,MT1M,1
HGNC:7406,MT2A,1
HGNC:7423,MTCP1,1
HGNC:7473,MTRR,1
HGNC:20443,MTSS1,1
HGNC:29789,MTUS1,1
HGNC:29814,MUS81,1
HGNC:7525,MUSK,1
HGNC:7534,MXI1,1
HGNC:7546,MYBBP1A,1
HGNC:18150,MYO18B,1
HGNC:7595,MYO1A,1
HGNC:30125,MZB1,1
HGNC:21683,NAPEPLD,1
HGNC:30450,NAPRT,1
HGNC:1007,NBEAP1,1
HGNC:15486,NCKIPSD,1
HGNC:7668,NCOA1,1
HGNC:7670,NCOA3,1
HGNC:15909,NCOA5,1
HGNC:17091,NCSTN,1
HGNC:7675,NDN,1
HGNC:14460,NDRG2,1
HGNC:14466,NDRG4,1
HGNC:20779,NDST4,1
HGNC:19688,NECTIN4,1
HGNC:7727,NEDD4,1
HGNC:7728,NEDD4L,1
HGNC:7733,NEDD9,1
HGNC:7761,NEURL1,1
HGNC:7776,NFATC2,1
HGNC:7785,NFIB,1
HGNC:7794,NFKB1,1
HGNC:7809,NGFR,1
HGNC:14377,NHP2,1
HGNC:7824,NINJ1,1
HGNC:29878,NIT2,1
HGNC:16364,NKX2-8,1
HGNC:7849,NME1,1
HGNC:7860,NNAT,1
HGNC:16390,NOD1,1
HGNC:21040,NOL7,1
HGNC:7871,NONO,1
HGNC:14378,NOP10,1
HGNC:4333,NOP53,1
HGNC:7895,NPAS2,1
HGNC:24969,NPRL2,1
HGNC:7961,NR0B2,1
HGNC:7968,NR1I2,1
HGNC:7972,NR2C2,1
HGNC:7976,NR2F2,1
HGNC:7980,NR4A1,1
HGNC:7993,NRBP1,1
HGNC:7994,NRCAM,1
HGNC:7996,NRF1,1
HGNC:16229,NRSN2,1
HGNC:8021,NT5E,1
HGNC:8028,NTHL1,1
HGNC:14311,NUAK1,1
HGNC:8060,NUMB,1
HGNC:8061,NUMBL,1
HGNC:29990,NUPR1,1
HGNC:23438,NUTM2A,1
HGNC:23445,NUTM2B,1
HGNC:17190,OLFM4,1
HGNC:9398,OLIG2,1
HGNC:8138,ONECUT1,1
HGNC:8143,OPCML,1
HGNC:29971,OSCP1,1
HGNC:30093,OSGIN1,1
HGNC:19152,PACRG,1
HGNC:8573,PAEP,1
HGNC:8574,PAFAH1B1,1
HGNC:30043,PAG1,1
HGNC:17970,PAIP2,1
HGNC:15916,PAK5,1
HGNC:17068,PALLD,1
HGNC:51237,PANO1,1
HGNC:8600,PANX2,1
HGNC:14615,PAPPA2,1
HGNC:16369,PARK7,1
HGNC:272,PARP2,1
HGNC:273,PARP3,1
HGNC:17270,PASK,1
HGNC:13071,PATZ1,1
HGNC:8614,PAWR,1
HGNC:8618,PAX4,1
HGNC:8620,PAX6,1
HGNC:18282,PBK,1
HGNC:23301,PBLD,1
HGNC:8636,PC,1
HGNC:13404,PCDH10,1
HGNC:14267,PCDH17,1
HGNC:8660,PCDH8,1
HGNC:8661,PCDH9,1
HGNC:8716,PCDHGC3,1
HGNC:12929,PCGF2,1
HGNC:13406,PCLO,1
HGNC:8729,PCNA,1
HGNC:13408,PDCD11,1
HGNC:8764,PDCD5,1
HGNC:8805,PDGFRL,1
HGNC:16501,PDLIM4,1
HGNC:20418,PDS5B,1
HGNC:23041,PDSS2,1
HGNC:6107,PDX1,1
HGNC:8822,PEA15,1
HGNC:8630,PEBP1,1
HGNC:8826,PEG3,1
HGNC:8846,PER2,1
HGNC:8861,PF4,1
HGNC:8881,PFN1,1
HGNC:16089,PGRMC2,1
HGNC:25793,PHACTR4,1
HGNC:8912,PHB,1
HGNC:15682,PHC3,1
HGNC:8919,PHF1,1
HGNC:12385,PHLDA2,1
HGNC:8934,PHLDA3,1
HGNC:20610,PHLPP1,1
HGNC:29149,PHLPP2,1
HGNC:691,PHOX2A,1
HGNC:2752,PIAS1,1
HGNC:17002,PIAS4,1
HGNC:8974,PIK3C3,1
HGNC:8981,PIK3R3,1
HGNC:8988,PIN1,1
HGNC:30046,PINX1,1
HGNC:17644,PIWIL2,1
HGNC:9008,PKD1,1
HGNC:9405,PKN1,1
HGNC:9022,PKNOX1,1
HGNC:9031,PLA2G2A,1
HGNC:9040,PLA2G7,1
HGNC:9042,PLA2R1,1
HGNC:17824,PLAAT2,1
HGNC:17825,PLAAT3,1
HGNC:9869,PLAAT4,1
HGNC:9046,PLAGL1,1
HGNC:9056,PLCB3,1
HGNC:9060,PLCD1,1
HGNC:17175,PLCE1,1
HGNC:9067,PLD1,1
HGNC:24310,PLEKHO1,1
HGNC:27001,PLK5,1
HGNC:9106,PLXNC1,1
HGNC:9108,PMAIP1,1
HGNC:9162,PNN,1
HGNC:17278,PNRC1,1
HGNC:18755,POLE4,1
HGNC:9181,POLH,1
HGNC:9213,POU2F2,1
HGNC:19864,POU2F3,1
HGNC:21694,POU6F2,1
HGNC:9232,PPARA,1
HGNC:9275,PPM1A,1
HGNC:9277,PPM1D,1
HGNC:16381,PPM1L,1
HGNC:9281,PPP1CA,1
HGNC:9282,PPP1CB,1
HGNC:9287,PPP1R1B,1
HGNC:9299,PPP2CA,1
HGNC:9300,PPP2CB,1
HGNC:9303,PPP2R1B,1
HGNC:9306,PPP2R2C,1
HGNC:9311,PPP2R5C,1
HGNC:9316,PPP3CC,1
HGNC:9323,PPP6C,1
HGNC:13996,PRDM11,1
HGNC:9347,PRDM2,1
HGNC:9348,PRDM4,1
HGNC:9349,PRDM5,1
HGNC:9360,PRF1,1
HGNC:17019,PRICKLE1,1
HGNC:9376,PRKAA1,1
HGNC:9381,PRKACB,1
HGNC:9399,PRKCD,1
HGNC:9401,PRKCE,1
HGNC:9404,PRKCI,1
HGNC:48942,PRNCR1,1
HGNC:9453,PRODH,1
HGNC:9454,PROM1,1
HGNC:9459,PROX1,1
HGNC:9462,PRPS1,1
HGNC:31682,PRR5,1
HGNC:9475,PRSS1,1
HGNC:9491,PRSS8,1
HGNC:9545,PSMB8,1
HGNC:9561,PSMD4,1
HGNC:43959,PTCSC3,1
HGNC:9591,PTGDR,1
HGNC:9605,PTGS2,1
HGNC:9612,PTK2B,1
HGNC:9618,PTK7,1
HGNC:9636,PTP4A3,1
HGNC:9308,PTPA,1
HGNC:9642,PTPN1,1
HGNC:9652,PTPN22,1
HGNC:14406,PTPN23,1
HGNC:9665,PTPRB,1
HGNC:9670,PTPRF,1
HGNC:9673,PTPRJ,1
HGNC:9674,PTPRK,1
HGNC:9678,PTPRO,1
HGNC:9681,PTPRS,1
HGNC:9690,PTTG1,1
HGNC:29998,PWAR4,1
HGNC:26359,PXDNL,1
HGNC:16608,PYCARD,1
HGNC:28894,PYHIN1,1
HGNC:18238,RAB25,1
HGNC:9788,RAB7A,1
HGNC:18072,RABL3,1
HGNC:4399,RACK1,1
HGNC:14428,RANBP17,1
HGNC:9848,RANBP2,1
HGNC:13727,RANBP9,1
HGNC:9855,RAP1A,1
HGNC:9858,RAP1GAP,1
HGNC:9865,RARB,1
HGNC:9873,RASAL1,1
HGNC:9874,RASAL2,1
HGNC:24246,RASGEF1A,1
HGNC:16954,RASL10A,1
HGNC:30295,RASL10B,1
HGNC:23802,RASL11A,1
HGNC:9882,RASSF1,1
HGNC:33984,RASSF10,1
HGNC:9883,RASSF2,1
HGNC:14271,RASSF3,1
HGNC:20793,RASSF4,1
HGNC:17609,RASSF5,1
HGNC:13232,RASSF8,1
HGNC:15574,RB1CC1,1
HGNC:9890,RBBP7,1
HGNC:9891,RBBP8,1
HGNC:9893,RBL1,1
HGNC:9894,RBL2,1
HGNC:14219,RBM14,1
HGNC:15818,RBM38,1
HGNC:9901,RBM4,1
HGNC:9902,RBM5,1
HGNC:9903,RBM6,1
HGNC:13427,RBMS3,1
HGNC:9910,RBMX,1
HGNC:9919,RBP1,1
HGNC:17479,RCHY1,1
HGNC:28310,RCSD1,1
HGNC:11345,RECK,1
HGNC:9957,RELN,1
HGNC:668,RHOB,1
HGNC:18756,RHOBTB2,1
HGNC:25925,RITA1,1
HGNC:10050,RNASEL,1
HGNC:21686,RNASET2,1
HGNC:671,RND3,1
HGNC:17384,RNF111,1
HGNC:17023,RNF139,1
HGNC:20457,RNF144A,1
HGNC:27752,RNF180,1
HGNC:50866,RNF217-AS1,1
HGNC:10071,RNF8,1
HGNC:10074,RNH1,1
HGNC:10249,ROBO1,1
HGNC:17985,ROBO4,1
HGNC:10257,ROR2,1
HGNC:10289,RPA1,1
HGNC:10301,RPL11,1
HGNC:24201,RPRM,1
HGNC:10388,RPS15,1
HGNC:10429,RPS6,1
HGNC:10431,RPS6KA2,1
HGNC:10432,RPS6KA3,1
HGNC:10433,RPS6KA4,1
HGNC:10435,RPS6KA6,1
HGNC:10436,RPS6KB1,1
HGNC:10437,RPS6KB2,1
HGNC:10451,RRM1,1
HGNC:10452,RRM2,1
HGNC:14085,RTN4,1
HGNC:18647,RTN4IP1,1
HGNC:10473,RUNX3,1
HGNC:10477,RXRA,1
HGNC:10480,RYBP,1
HGNC:10488,S100A11,1
HGNC:10492,S100A2,1
HGNC:3169,S1PR2,1
HGNC:10513,SAA1,1
HGNC:10520,SAFB,1
HGNC:21605,SAFB2,1
HGNC:10526,SALL2,1
HGNC:15924,SALL4,1
HGNC:1349,SAMD9L,1
HGNC:19182,SASH1,1
HGNC:19440,SBDS,1
HGNC:10816,SCG5,1
HGNC:18384,SCGB3A1,1
HGNC:10596,SCN8A,1
HGNC:30377,SCRIB,1
HGNC:30425,SCUBE2,1
HGNC:14372,SCYL1,1
HGNC:10699,SEC14L2,1
HGNC:10702,SEC23B,1
HGNC:17052,SEC31A,1
HGNC:10719,SELENBP1,1
HGNC:10724,SEMA3B,1
HGNC:10725,SEMA3C,1
HGNC:10728,SEMA3F,1
HGNC:9165,SEPTIN4,1
HGNC:20607,SERP2,1
HGNC:8949,SERPINB5,1
HGNC:8945,SERPINI2,1
HGNC:10773,SFN,1
HGNC:10774,SFPQ,1
HGNC:10776,SFRP1,1
HGNC:10777,SFRP2,1
HGNC:10778,SFRP4,1
HGNC:10779,SFRP5,1
HGNC:29799,SGMS1,1
HGNC:10833,SH3GLB1,1
HGNC:25159,SHISA3,1
HGNC:19336,SHPRH,1
HGNC:10857,SIAH1,1
HGNC:11142,SIK1,1
HGNC:10886,SIRT2,1
HGNC:14931,SIRT3,1
HGNC:14932,SIRT4,1
HGNC:14934,SIRT6,1
HGNC:10897,SKIL,1
HGNC:10901,SKP2,1
HGNC:10940,SLC1A2,1
HGNC:3018,SLC26A3,1
HGNC:12876,SLC39A1,1
HGNC:17129,SLC39A4,1
HGNC:8642,SLC45A3,1
HGNC:26439,SLC47A2,1
HGNC:16628,SLC49A4,1
HGNC:19119,SLC5A8,1
HGNC:11075,SLC9A3R1,1
HGNC:10959,SLCO1B1,1
HGNC:26633,SLFN11,1
HGNC:11098,SMARCA2,1
HGNC:11104,SMARCC1,1
HGNC:11106,SMARCD1,1
HGNC:29090,SMCHD1,1
HGNC:21067,SMYD4,1
HGNC:11139,SNCAIP,1
HGNC:10200,SNORD50A,1
HGNC:19382,SOCS2,1
HGNC:11189,SOX1,1
HGNC:11191,SOX11,1
HGNC:11196,SOX15,1
HGNC:18122,SOX17,1
HGNC:20209,SOX2-OT,1
HGNC:18196,SOX7,1
HGNC:49321,SOX9-AS1,1
HGNC:11206,SP100,1
HGNC:11219,SPARC,1
HGNC:11220,SPARCL1,1
HGNC:30615,SPECC1,1
HGNC:11240,SPHK1,1
HGNC:11241,SPI1,1
HGNC:11244,SPINK1,1
HGNC:24643,SPINK7,1
HGNC:11247,SPINT2,1
HGNC:20249,SPRED1,1
HGNC:15533,SPRY4,1
HGNC:11275,SPTBN1,1
HGNC:11309,SRPX,1
HGNC:15592,SS18L1,1
HGNC:15831,SSBP2,1
HGNC:11343,ST13,1
HGNC:33520,ST20,1
HGNC:11351,ST7,1
HGNC:11356,STAG3,1
HGNC:19164,STARD13,1
HGNC:10879,STIL,1
HGNC:27962,STING1,1
HGNC:11388,STK10,1
HGNC:21373,STK40,1
HGNC:6510,STMN1,1
HGNC:30172,STRADA,1
HGNC:11427,STUB1,1
HGNC:11377,SULT1E1,1
HGNC:24466,SYNM,1
HGNC:17732,SYNPO2,1
HGNC:14962,SYT13,1
HGNC:11530,TACSTD2,1
HGNC:11553,TAGLN,1
HGNC:29364,TANC1,1
HGNC:11562,TANK,1
HGNC:43,TAP1,1
HGNC:44,TAP2,1
HGNC:11573,TAT,1
HGNC:29082,TBC1D12,1
HGNC:11584,TBK1,1
HGNC:11586,TBL2,1
HGNC:29551,TBRG1,1
HGNC:11604,TBX5,1
HGNC:11612,TCEA1,1
HGNC:28336,TCEAL7,1
HGNC:11623,TCF12,1
HGNC:11634,TCF4,1
HGNC:28135,TCHP,1
HGNC:11701,TDGF1,1
HGNC:43642,TDRG1,1
HGNC:11719,TEC,1
HGNC:14620,TES,1
HGNC:11742,TFAP2A,1
HGNC:11753,TFEB,1
HGNC:11757,TFF3,1
HGNC:11761,TFPI2,1
HGNC:11765,TGFA,1
HGNC:11766,TGFB1,1
HGNC:11771,TGFBI,1
HGNC:11772,TGFBR1,1
HGNC:11779,TGM3,1
HGNC:19217,THADA,1
HGNC:11784,THBD,1
HGNC:11785,THBS1,1
HGNC:11786,THBS2,1
HGNC:11796,THRA,1
HGNC:22964,THRAP3,1
HGNC:11799,THRB,1
HGNC:17754,THSD1,1
HGNC:11801,THY1,1
HGNC:26838,TIGIT,1
HGNC:11818,TIMM8B,1
HGNC:11820,TIMP1,1
HGNC:11822,TIMP3,1
HGNC:23696,TIPARP,1
HGNC:11842,TLK2,1
HGNC:11844,TLL2,1
HGNC:11866,TMEFF1,1
HGNC:11867,TMEFF2,1
HGNC:16667,TMEM30A,1
HGNC:27954,TMPRSS11A,1
HGNC:16517,TMPRSS6,1
HGNC:11885,TMSB4XP8,1
HGNC:11892,TNF,1
HGNC:26277,TNFAIP8L2,1
HGNC:11904,TNFRSF10A,1
HGNC:11905,TNFRSF10B,1
HGNC:11908,TNFRSF11A,1
HGNC:18152,TNFRSF12A,1
HGNC:11914,TNFRSF18,1
HGNC:11924,TNFRSF9,1
HGNC:11927,TNFSF12,1
HGNC:11939,TNFSF9,1
HGNC:11940,TNK1,1
HGNC:11984,TOM1L2,1
HGNC:21653,TOPORS,1
HGNC:12000,TP53BP2,1
HGNC:43652,TP53COR1,1
HGNC:18022,TP53INP1,1
HGNC:12003,TP73,1
HGNC:12010,TPM1,1
HGNC:12014,TPMT,1
HGNC:12017,TPR,1
HGNC:12022,TPT1,1
HGNC:17299,TPTE2,1
HGNC:12032,TRAF2,1
HGNC:12035,TRAF5,1
HGNC:12270,TREX2,1
HGNC:12271,TRG,1
HGNC:9976,TRIM13,1
HGNC:16284,TRIM15,1
HGNC:12962,TRIM26,1
HGNC:9975,TRIM27,1
HGNC:10064,TRIM3,1
HGNC:16289,TRIM31,1
HGNC:16380,TRIM32,1
HGNC:16290,TRIM33,1
HGNC:16285,TRIM35,1
HGNC:25574,TRIM62,1
HGNC:20286,TRIT1,1
HGNC:16826,TSC22D1,1
HGNC:15971,TSG101,1
HGNC:30743,TSLP,1
HGNC:21643,TSPAN13,1
HGNC:13410,TSPAN32,1
HGNC:12382,TSPYL1,1
HGNC:12386,TSSC4,1
HGNC:12394,TTC4,1
HGNC:20772,TUBB3,1
HGNC:31010,TUSC1,1
HGNC:17034,TUSC2,1
HGNC:27701,TUSC7,1
HGNC:20670,TWIST2,1
HGNC:16952,TXNIP,1
HGNC:12440,TYK2,1
HGNC:12446,TYRO3,1
HGNC:23156,U2AF2,1
HGNC:37269,UBE2QL1,1
HGNC:25009,UBE2T,1
HGNC:12500,UBE4B,1
HGNC:30791,UBIAD1,1
HGNC:16806,UBR5,1
HGNC:12513,UCHL1,1
HGNC:23039,UFL1,1
HGNC:12529,UGT1A,1
HGNC:12541,UGT1A9,1
HGNC:12557,UHRF2,1
HGNC:30298,UIMC1,1
HGNC:12563,UMPS,1
HGNC:12567,UNC5A,1
HGNC:12568,UNC5B,1
HGNC:12569,UNC5C,1
HGNC:18634,UNC5D,1
HGNC:20485,USP12,1
HGNC:20059,USP33,1
HGNC:12640,UVRAG,1
HGNC:12679,VDR,1
HGNC:12681,VEGFB,1
HGNC:12682,VEGFC,1
HGNC:18258,VEZT,1
HGNC:12690,VIL1,1
HGNC:12692,VIM,1
HGNC:24928,VPS37A,1
HGNC:25608,VPS53,1
HGNC:30085,VSIR,1
HGNC:12722,VSNL1,1
HGNC:28873,VTCN1,1
HGNC:17792,VTI1A,1
HGNC:37054,VTRNA2-1,1
HGNC:6658,VWA5A,1
HGNC:12731,WAS,1
HGNC:26157,WDCP,1
HGNC:13831,WDR11,1
HGNC:14098,WDR12,1
HGNC:30914,WDR48,1
HGNC:26960,WDR90,1
HGNC:15466,WFDC1,1
HGNC:14542,WNK2,1
HGNC:12784,WNT5A,1
HGNC:12786,WNT7A,1
HGNC:12799,WWOX,1
HGNC:30932,XAF1,1
HGNC:12801,XBP1,1
HGNC:592,XIAP,1
HGNC:12810,XIST,1
HGNC:17675,XPO5,1
HGNC:12830,XRCC3,1
HGNC:12833,XRCC5,1
HGNC:24859,YEATS4,1
HGNC:12841,YES1,1
HGNC:18327,YPEL3,1
HGNC:18329,YPEL5,1
HGNC:12851,YWHAE,1
HGNC:30935,YY1AP1,1
HGNC:13030,ZBTB18,1
HGNC:23847,ZBTB4,1
HGNC:4930,ZBTB48,1
HGNC:31700,ZBTB7C,1
HGNC:25893,ZC3H10,1
HGNC:18469,ZDHHC2,1
HGNC:11642,ZEB1,1
HGNC:33101,ZFAS1,1
HGNC:12862,ZFP36,1
HGNC:1108,ZFP36L2,1
HGNC:28682,ZFP82,1
HGNC:12872,ZIC1,1
HGNC:19412,ZMYND10,1
HGNC:16966,ZMYND11,1
HGNC:12976,ZNF185,1
HGNC:13032,ZNF24,1
HGNC:18410,ZNF292,1
HGNC:15489,ZNF331,1
HGNC:18316,ZNF366,1
HGNC:17409,ZNF382,1
HGNC:23226,ZNF471,1
HGNC:28742,ZNF620,1
HGNC:25821,ZNF668,1
HGNC:25843,ZNF750,1
HGNC:13200,ZYX,1